,Model,Train_Acc,Test_Acc,Test_Prec,Test_Rec,Test_F1,Best_Params
0,cvec_lr,0.9679710497177888,0.9222294232015554,0.9487825356842989,0.9047237790232185,0.9262295081967212,"{'cvec__max_df': 0.7, 'cvec__max_features': 30000, 'cvec__min_df': 1, 'cvec__ngram_range': (1, 1), 'lr__C': 1, 'lr__max_iter': 10000, 'lr__penalty': 'l2', 'lr__solver': 'liblinear'}"
1,tvec_lr,0.9442058926787112,0.9181248649816375,0.9310414971521562,0.9161329063250601,0.9235270379338175,"{'lr__C': 1, 'lr__max_iter': 10000, 'lr__penalty': 'l2', 'lr__solver': 'saga', 'tvec__max_df': 0.9, 'tvec__max_features': 30000, 'tvec__min_df': 0.0001, 'tvec__ngram_range': (1, 1)}"
2,cvec_nb,0.944394933700613,0.9106718513717865,0.9056236621910878,0.9315452361889511,0.9184015786877159,"{'cvec__max_df': 0.7, 'cvec__max_features': 30000, 'cvec__min_df': 1, 'cvec__ngram_range': (1, 1), 'nb__alpha': 0.1}"
3,tvec_nb,0.9495800588727754,0.9074314106718514,0.8992861277252556,0.9329463570856685,0.9158070537380881,"{'nb__alpha': 0.1, 'tvec__max_df': 0.7, 'tvec__max_features': 30000, 'tvec__min_df': 1, 'tvec__ngram_range': (1, 1)}"
4,tvec_et,0.9447460098841448,0.8965219269820696,0.901072705601907,0.9079263410728583,0.9044865403788633,"{'et__max_depth': 50, 'et__n_estimators': 150, 'tvec__max_df': 0.8, 'tvec__max_features': 30000, 'tvec__min_df': 1, 'tvec__ngram_range': (1, 1)}"
5,cvec_et,0.9325123551810743,0.8917692806221647,0.9236317352566822,0.8714971977582066,0.8968074150360453,"{'cvec__max_df': 0.9, 'cvec__max_features': 30000, 'cvec__min_df': 1, 'cvec__ngram_range': (1, 1), 'et__max_depth': 50, 'et__n_estimators': 150}"
6,tvec_rf,0.9079370223338464,0.8737308273925254,0.9387755102040817,0.8194555644515612,0.8750667949128994,"{'rf__max_depth': 50, 'rf__n_estimators': 150, 'tvec__max_df': 0.8, 'tvec__max_features': 30000, 'tvec__min_df': 1, 'tvec__ngram_range': (1, 1)}"
7,cvec_rf,0.9016176510302736,0.87200259235256,0.936340737348294,0.8184547638110489,0.8734380006408202,"{'cvec__max_df': 0.9, 'cvec__max_features': 30000, 'cvec__min_df': 1, 'cvec__ngram_range': (1, 1), 'rf__max_depth': 50, 'rf__n_estimators': 150}"
